ph,k,na,mg,ca,cl,f,sio2,temp
7.1,5,9,8,43,4,0.03,71,104.7
7.1,44,186,48,251,639,0.04,89,116.6
7.8,4.6,58.7,27.7,91,81.5,0.06,38.2,75.3
7.7,1.5,13.3,7.12,72.4,8.9,0.07,26.4,59.9
6.9,4,6,5,17,2,0.07,54,91.1
7.3,7,21,5,26,4,0.07,58,94.6
7.4,5.6,28.5,2.73,7.8,6.5,0.07,69.6,103.6
7,1.9,11,3.3,16,1.7,0.07,27,60.8
7.5,15,71,14,91,170,0.07,57,93.7
8.1,4.8,11.7,11.1,16.4,1.8,0.07,60.2,96.4
7.7,1.1,10.3,5.43,20.6,1.5,0.08,33.5,69.7
7,4,9,8,35,3,0.08,66,100.9
7.2,8,25,14,46,95,0.08,56,92.9
8.1,1.7,10.1,15.1,39.4,2.9,0.08,17.6,44.5
7.6,12,26,18,53,71,0.09,81,111.5
7.5,8.3,22,22,48,14,0.1,62,97.8
7.1,2.4,12,5.9,25,40,0.1,37,73.9
7,2.9,14,14,26,7.1,0.1,67,101.7
8.1,32.5,486,12,27.9,513,0.1,55.6,92.5
7.2,13,38,14,50,12,0.1,47,84.6
7.9,4.4,14.8,7.29,13.9,7.4,0.1,45.5,83.1
7.5,3.8,14,9.3,28,6.1,0.1,34,70.3
7.4,48,186,50,292,680,0.1,93,119
7.7,3.8,22,16,46,11,0.1,39,76.2
7.5,3.4,26,10,35,47,0.1,35,71.5
6.9,390,19000,1800,1500,35000,0.1,33,69.1
7.5,2.7,18,7.6,31,3.9,0.1,25,57.8
8,3.2,16,16,38,6.7,0.1,33,69.1
7.5,7.7,160,23,52,31,0.1,45,82.6
7.8,5,8.2,7.8,11,0.6,0.1,65,100.2
7.1,3.4,9.7,9.1,17,11,0.1,30,65.1
8.1,2.1,14,6.8,22,4.4,0.1,32,67.8
8.2,3.2,59,3.4,21,24,0.1,19,47.3
7.9,3.5,22,20,80,7.4,0.1,20,49.2
7.1,7.6,20,26,40,12,0.1,63,98.6
7.9,4.1,52,26,69,21,0.1,52,89.3
8.2,43.7,846,1.9,38.9,963,0.1,101.8,124.1
7.9,2.4,12,3.8,21,4.5,0.1,29,63.7
7.5,2.5,24,13,70,17,0.1,30,65.1
7.8,2.7,110,26,75,48,0.1,36,72.8
7.5,4.6,12,18,28,6.1,0.1,58,94.6
7.5,5.9,14,14,25,1.5,0.1,66,100.9
7.7,3.8,63.5,53.9,131,182,0.1,62,97.8
7.6,1.7,14,6.6,23,5.7,0.1,30,65.1
7.8,7.9,53,17,59,44,0.1,62,97.8
7.6,5.8,100,36,114,6.2,0.1,38,75.1
8.6,5.8,42,2.9,9.4,25,0.1,37,73.9
7.5,2.9,19,13,44,6.3,0.1,28,62.3
8.1,39,163,27,71,282,0.1,49,86.5
7.9,23.7,930,1.4,112,1290,0.1,77.7,109.3
7.4,1.3,33,9.3,50,29,0.1,20,49.2
7.9,2.8,23,15,52,8.9,0.1,31,66.4
7,5.6,31,21,33,4.5,0.1,71,104.7
7.7,6.1,28,22,88,24,0.1,52,89.3
8,48.6,798,1.4,54.2,987,0.1,105.3,126
7.5,6.2,19.7,13.3,25.2,14.6,0.1,48.1,85.7
7.3,8.9,35,14,44,46,0.1,60,96.2
7.9,0.7,26,3.9,22,3.9,0.1,35,71.5
7.6,1.1,12,3.4,16,1.5,0.1,28,62.3
7.9,1,25,20,62,5.8,0.1,29,63.7
7.9,4.8,43,26,75,55,0.1,59,95.4
8.4,2.2,17,1.4,8,0.9,0.1,19,47.3
7.8,4.5,21,10,23,7.1,0.1,41,78.4
7.3,8.6,46,50,130,19,0.1,48,85.6
7.8,77,17000,1600,450,6100,0.1,48,85.6
7.9,2.2,23,17,71,14,0.1,45,82.6
7.5,1.2,19,14,64,5.1,0.1,25,57.8
8,0.9,15,7.6,24,2.4,0.1,44,81.6
7.5,0.6,41.7,9.2,47.6,57.3,0.1,22.9,54.3
8.2,0.8,14,0.06,13,1.2,0.1,18,45.3
8.2,0.8,20,2.5,19,1.1,0.1,24,56.2
7.5,2.1,12,5.9,23,3.2,0.1,28,62.3
8.3,1,21,1.7,20,1.1,0.1,27,60.8
8.4,4.1,100,3.8,15,12,0.1,57,93.7
7.5,2.4,14,7.6,25,5.8,0.1,32,67.8
7.5,1.6,5.5,22,56,4.3,0.1,16,41.1
8.7,1.4,28.1,0.883,3.5,1.9,0.1,19.9,49
7.9,6.2,28,7.63,17,7.4,0.11,69.3,103.4
7.6,5.6,30.8,20.4,49,22.5,0.11,55.6,92.5
8.2,6,21.7,9.35,26.4,3.5,0.11,59,95.4
7.5,9,33,3,20,7,0.12,74,106.8
7.5,13,37,14,44,72,0.12,73,106.1
7,5.2,64.3,50.4,194,219,0.13,48,85.6
7.4,3,75,9,30,6,0.13,33,69.1
7.5,4.2,28,10.8,27.6,16.5,0.14,35.5,72.2
7.5,8,42,12,48,9,0.14,51,88.4
6.9,5.5,30.4,29.8,51,11.2,0.15,54.9,91.9
7.3,13,64,10,20,10,0.16,110,128.5
7.4,4.7,20.4,16.7,44.1,8.9,0.17,42.5,80
7.8,4,21.5,10.3,28.2,10,0.17,43.3,80.9
7.5,1.1,13.5,5.28,19.3,2.7,0.17,36.6,73.5
7.2,1.3,129,26,86,62.7,0.18,52.7,90
7.8,3,23.4,3.098,30.8,17.1,0.191,25.2,58.1
8.2,2,33,8.1,15,9,0.2,30,65.1
7.5,3.6,19.6,8.13,19.2,7.1,0.2,37.9,75
7.3,3.7,22,8.2,22,3.1,0.2,73,106.1
7.3,3.2,54,20,64,14,0.2,60,96.2
7.4,3.5,38,11,50,6.6,0.2,52,89.3
7.2,7.1,31,19,46,16,0.2,49,86.5
8.1,4.7,23,5.3,21,6.9,0.2,49,86.5
7.5,7.7,35.5,5.07,19.8,3.3,0.2,64.1,99.5
7.3,16,160,230,230,170,0.2,24,56.2
7.4,5.5,33,38,92,30,0.2,49,86.5
7.4,14,200,85,170,180,0.2,45,82.6
7.5,4,26,11,38,24,0.2,39,76.2
7.8,5.2,26,7.8,26,9.5,0.2,36,72.8
8.3,4.6,30,6.6,13,9.4,0.2,36,72.8
7.7,2.1,24,18,34,7.3,0.2,47,84.6
7.6,3.2,19.7,16.4,45.6,19.2,0.2,35.5,72.2
7.9,2.6,25,5.5,24,3.7,0.2,56,92.9
7.7,3.4,12.4,3.94,16.7,1.2,0.2,27.5,61.6
7.4,1.9,26,9.6,42,16,0.2,37,73.9
7.8,5.5,39,5.2,20,34,0.2,59,95.4
7.7,2.9,23.7,7.8,26.8,6.2,0.2,51,88.4
8.2,5.3,31,3.9,8.9,8,0.2,38,75.1
8.1,2.8,20,5.2,19,4.8,0.2,37,73.9
7.6,3.3,19,14,42,4,0.2,69,103.2
7.7,1.9,37,25,91,72,0.2,20,49.2
7.9,0.7,15,4.5,15,3.4,0.2,26,59.3
7.8,8,75,13,36,62,0.2,68,102.5
7.1,2.1,37,36,120,7,0.2,41,78.4
7.3,2.9,33,22,67.8,18.2,0.2,30.1,65.2
7.3,3.8,20.5,5.13,18.6,6.2,0.2,23.5,55.3
8,4.3,44,4.1,22,27,0.2,33,69.1
7.8,2.4,15,6.6,24,4.6,0.2,32,67.8
7.7,2.3,7.7,34,60,11,0.2,20,49.2
7.3,7.6,34,9.7,40,12,0.2,52,89.3
7.5,1.2,21.7,4.36,20.2,4,0.2,31.7,67.4
7.5,4,29,9.3,36,22,0.2,26,59.3
7.2,24,202,43,68,360,0.2,79,110.2
7.5,0.9,9.5,4.1,8.9,1.1,0.2,40,77.3
7.8,9.4,48,2.9,11,3.1,0.2,73,106.1
8.4,5.2,33,3.2,8.6,8.1,0.2,30,65.1
7.6,6.6,83,9.2,34,73,0.2,61,97
7.4,21,160,41,107,264,0.2,88,116
8.4,2.6,67,21,75,6.1,0.2,54,91.1
7.8,1.6,30,3.3,41,12,0.2,31,66.4
8,8.7,59,16,55,45,0.2,59,95.4
8,3.1,20,9.5,33,1.8,0.2,31,66.4
7.4,2.6,56,24,122,20,0.2,54,91.1
8.1,3.5,33,4.2,8.9,7.9,0.2,35,71.5
7.7,2.9,17.9,12.3,34.3,10.8,0.2,28.7,63.3
7.6,5.1,44,100,160,130,0.2,20,49.2
7.6,19,230,180,370,240,0.2,25,57.8
7.8,3.9,17,12,35,7.2,0.2,37,73.9
7.3,47,530,430,530,430,0.2,27,60.8
8.2,2.1,37,24,94,15,0.2,36,72.8
7.7,5.4,10.3,9.09,16.4,1.2,0.2,63.3,98.9
7.8,8.4,30,32,400,24,0.2,31,66.4
7.9,2.8,21,10,38,11,0.2,36,72.8
7.6,2.6,12,11,32,7.4,0.2,37,73.9
7.7,2,8.2,13.4,67.5,5.8,0.2,19.1,47.5
7.8,6.7,24.8,8.39,53,35.4,0.2,59.9,96.1
7.7,2.5,23,6.3,64,9.6,0.2,24,56.2
7.9,1.9,39,18,51,16,0.2,44,81.6
7.9,8,510,29,100,300,0.2,39,76.2
7.6,2.4,15.4,4.86,31.3,1.8,0.2,22.2,53.2
8.2,1.4,37,5.4,15,8.4,0.2,27,60.8
7.5,3.8,83,14,52,8.7,0.2,45,82.6
8,4.8,30,10,40,13,0.2,67,101.7
8.1,2.6,26,1.2,4.6,2.1,0.2,53,90.2
8,5.5,21,13,63,11,0.2,69,103.2
7.7,2.7,87,16,89,120,0.2,22,52.8
7.9,1.8,26,12,50,5.8,0.2,27,60.8
8,5,21,10,38,12,0.2,54,91.1
7.4,2.3,20.3,9.11,46.3,7.2,0.2,27.5,61.6
8.2,3.5,99,5.5,25,85,0.2,53,90.2
8,8.4,33,24,54,12,0.2,63,98.6
7.2,4.2,29,20,71,7,0.2,22,52.8
8.1,4,34,15,46,48,0.2,58,94.6
7.5,1.6,6.8,27,48,7.4,0.2,17,43.3
8.3,27,270,4.6,5.5,45,0.2,41,78.4
7.4,10,54,54,130,67,0.2,65,100.2
7.5,3.9,26,48,87,40,0.2,17,43.3
8.2,4.3,14,9.4,44,29,0.2,61,97
7.1,3.8,23,11,32,32,0.2,24,56.2
8,2,25,26,43,28,0.2,59,95.4
7.4,6.4,41,23,120,51,0.2,50,87.5
7.3,6,16,11,26,3.5,0.2,57,93.7
8,3,19.1,11.9,34,16.1,0.2,33.2,69.3
8.4,5.6,33.5,3.37,7.1,7.6,0.2,37.6,74.6
7.5,5.4,290,22,48,56,0.2,55,92
7.7,5.3,44,12,44,12,0.2,41,78.4
8.2,3.1,38.7,6.99,12.2,15,0.22,30.7,66
8.1,1.9,36.5,5.65,12.4,9.6,0.22,33.2,69.3
7.9,7.2,76,6.35,10.3,31.4,0.23,62.2,98
7.5,15,51,15,108,184,0.23,60,96.2
7,1.1,69.7,38.3,141,26.9,0.23,49.2,86.7
7.9,4.7,53.4,7.67,19.9,20.2,0.23,74,106.8
7.7,4.7,49.9,11.6,50.4,58.9,0.24,63.1,98.7
7.8,7.2,35.7,5.2,17.5,13.3,0.27,28.5,63
7.1,1.5,26.9,18.472,66.9,17.3,0.277,25.7,58.8
7.9,5.7,48.4,8.73,20.2,10.1,0.29,50.3,87.8
7.9,1.4,14.4,13.5,45.2,7.2,0.29,18,45.3
8,3.8,19,15,61,5.3,0.3,32,67.8
7.6,3.9,42.2,5.04,17.6,7.9,0.3,59.4,95.7
8.8,8.3,200,0.61,2.9,14,0.3,39,76.2
7.4,8.3,47,99,230,77,0.3,22,52.8
8.1,14,47,5,19,13,0.3,47,84.6
7.4,7.1,46,65,130,44,0.3,21,51
7.6,3.9,22,4.9,22,15,0.3,52,89.3
7.5,31,313,46,63,511,0.3,113,130.1
7.6,1.2,20,7.1,23,3.4,0.3,52,89.3
8.1,4.9,49,1.37,7.1,6.5,0.3,58,94.6
7.3,1.9,14,5.2,15,8.5,0.3,31,66.4
7.1,9.5,100,14,72,49,0.3,37,73.9
7.8,4.9,21,5.7,24,6.5,0.3,44,81.6
7.5,7.6,100,54,110,100,0.3,22,52.8
7.5,14,160,4.6,10,160,0.3,102,124.2
7.8,23,140,140,170,160,0.3,44,81.6
7.5,3.6,43,34,92,18,0.3,53,90.2
7.3,6.1,110,33,100,39,0.3,30,65.1
7.7,3.2,31.9,7.4,30.6,8.6,0.3,33.5,69.7
7.2,8.1,140,30,110,58,0.3,31,66.4
8.3,1.4,25,0.9,17,3,0.3,33,69.1
8.1,24,20,24,37,13,0.3,49,86.5
7.9,3.8,25,11,35,6.4,0.3,35,71.5
7.8,4.2,59,19,41,8.2,0.3,57,93.7
7.7,7.6,140,150,170,110,0.3,25,57.8
7.8,3.1,78.5,9.48,27.8,9.4,0.3,58.9,95.3
7.3,6.6,81.4,16.7,35.4,41.7,0.3,46.9,84.5
7.9,5.7,30,9.8,51,16,0.3,29,63.7
6.9,4.7,20,15,40,34,0.3,37,73.9
8.4,2.6,42,2.2,30,16,0.3,48,85.6
8,9.1,70,0.53,4,9.3,0.3,41,78.4
7.6,1.2,20,2.9,15,6,0.3,32,67.8
7.5,8,23.8,26.2,58.5,36.9,0.3,31.2,66.7
8,4.4,17,9.2,20,2.3,0.3,50,87.5
7.9,8.9,22,8.5,46,12,0.3,68,102.5
7.2,7.7,72,20,86,63,0.3,21,51
7.9,7.4,262,12,19,313,0.3,115,131.1
7.3,2.6,22,8.8,29,1.6,0.3,35,71.5
7.8,6.7,15.1,6.63,23.2,4.5,0.3,24.3,56.6
7.8,12,170,190,240,170,0.3,22,52.8
7.5,6.1,66,22,84,35,0.3,34,70.3
7.8,12,140,9.4,44,160,0.3,63,98.6
7.9,6.5,60,19,56,58,0.3,51,88.4
7.5,10.9,283,41,192,168,0.3,31.1,66.6
7.7,3.2,210,72,75,370,0.3,21,51
8,1.4,15,2.4,9.5,0.4,0.3,25,57.8
7.4,17,160,240,230,190,0.3,24,56.2
7.3,8,30,77,170,48,0.3,25,57.8
7.8,4,28,26,46,12,0.3,21,51
8,17,43,8.9,29,14,0.3,45,82.6
7.6,2.9,99,38,200,36,0.3,41,78.4
7.4,4.4,18,43,89,20,0.3,16,41.1
7.8,1.7,7.3,24,38,3.8,0.3,20,49.2
8.1,1.2,20,4.5,21,1.5,0.3,23,54.5
8.1,5.3,51,18,37,16,0.3,59,95.4
7.8,3.7,29,5.9,31,5.4,0.3,24,56.2
8.1,4,146,66.759,99.2,289,0.3,26.1,59.5
7.8,1.6,8.9,24,37,4.2,0.3,19,47.3
7.4,4.9,68,24,110,26,0.3,33,69.1
7.6,4.1,13,56,140,10,0.3,15,38.8
8.5,5.2,61,0.19,0.8,6.4,0.3,38,75.1
9,1,61,0.45,1.1,8.4,0.3,29,63.7
7.6,4.8,55,13,26,1,0.31,28,62.3
7.7,1.4,19.7,5.7,21.4,3.4,0.32,40.2,77.6
8,5.3,24.7,7.66,30.8,25.1,0.33,51.1,88.5
7.7,4,8.4,17,49,5.1,0.334,24,56.2
7.9,1.2,157,2.73,12.4,25.4,0.36,54.8,91.8
7.3,4.8,57,15.4,96.7,17.3,0.4,40.3,77.7
7,2.5,27,7.7,32,16,0.4,28,62.3
7.5,12,32,4,39,38,0.4,73,106.1
7.4,1.2,30,4.8,19,9.9,0.4,37,73.9
7.9,7,94,16,55,35,0.4,39,76.2
7.6,6.4,21,12,26,4.2,0.4,48,85.6
8.3,9.4,94,2.7,3,12,0.4,109,128
7.2,5.5,27,14,37,18,0.4,51,88.4
7.7,10,80,15,81,31,0.4,38,75.1
7.5,1.6,39,7.8,29,15,0.4,30,65.1
7.8,1.4,55,6.9,30,15,0.4,33,69.1
7.9,3.4,140,6.8,23,44,0.4,32,67.8
8.2,34,760,15,10,180,0.4,34,70.3
7.8,4.5,34,16,66,32,0.4,54,91.1
7.8,20,290,170,200,890,0.4,55,92
7.6,150,2800,120,170,4600,0.4,39,76.2
8,6.6,76,1.7,4.2,6.7,0.4,55,92
7.5,4.5,17.4,19.3,38.4,6,0.4,36.6,73.5
7.9,10,31,9.2,25,14,0.4,75,107.5
7.9,5.4,8.5,8,30,3.5,0.4,27,60.8
8,3.4,15,20,51,10,0.4,25,57.8
8,29.1,1390,14.1,20.9,1950,0.4,47.6,85.2
7.9,4.8,310,9.1,14,100,0.4,27,60.8
7.8,5.2,31,15,82,25,0.4,47,84.6
7.7,6,136,8.3,42.8,129,0.4,56.9,93.6
8.8,5.2,53,2.3,6.5,10,0.4,33,69.1
8.5,13,147,2.2,30,128,0.4,111,129.1
7.8,6.8,46,12,61,34,0.4,30,65.1
8,16,240,19,64,270,0.4,55,92
7.9,3.6,14,18,29,9.8,0.4,19,47.3
8,8,50,5.8,26,22,0.4,85,114.1
7.8,7,120,6.4,37,46,0.4,24,56.2
7.3,3.4,55,15,69,38,0.4,57,93.7
8.9,3.1,97.8,0.068,0.6,10,0.4,33.9,70.2
8.5,2.5,54.7,0.52,7.5,10.1,0.42,47.4,85
7.5,3.1,26.5,6.67,44.1,14,0.42,43.6,81.2
7.2,13.8,138,28.5,138,54.2,0.42,57.1,93.8
7.5,19.3,97.8,26.634,74.2,128.7,0.427,21.6,52.1
7.2,17,210,2,6,132,0.45,82,112.2
7.7,1.4,16.4,7.65,24.6,5.4,0.48,55.8,92.7
7.5,13,47,11,56,19,0.5,51,88.4
7.4,3.8,55,8.4,30,14,0.5,30,65.1
7.8,4.5,38,7,27,38,0.5,44,81.6
7.3,11,86,63,140,39,0.5,48,85.6
7.7,8.8,30,12,43,19,0.5,50,87.5
7.7,2.8,42,15,63,14,0.5,40,77.3
8,5,22,3,22,6.8,0.5,58,94.6
7.6,4.1,27,32,40,17,0.5,26,59.3
7.1,15,35,13,45,27,0.5,50,87.5
7.5,1.6,34,10,33,15,0.5,51,88.4
7.7,7.1,38,5.9,33,36,0.5,54,91.1
8,1.7,29,2.8,30,10,0.5,47,84.6
7.6,5.9,105,15.9,69.4,102,0.5,71.4,104.9
8.5,10,270,3.5,14,77,0.5,32,67.8
8.6,8,60.5,0.427,3.3,5.7,0.5,43.9,81.5
8.5,8,60.1,0.399,4.8,7.2,0.5,48,85.6
8.6,13,230,3.9,3.2,17,0.5,35,71.5
7.7,2,31,10,57,13,0.5,55,92
7.4,220,15000,1500,450,20000,0.5,43,80.6
9,1.7,85,0.05,0.1,9,0.5,35,71.5
7.3,23,160,260,210,160,0.5,45,82.6
7.9,0.8,7.1,22,53,3,0.5,16,41.1
8.1,8.4,100,11,40,76,0.5,31,66.4
7.7,4.9,210,48,170,190,0.5,46,83.6
8,13,100,7.1,25,90,0.5,67,101.7
7.5,1100,30000,1500,490,34000,0.5,14,36.4
7.5,0.9,21,1.2,9.3,8,0.5,22,52.8
8.2,7.6,253,1.59,23.8,317,0.5,47.5,85.1
8.9,0.4,49,0.12,5.6,13,0.5,18,45.3
7.9,6.4,101,19,46,124,0.5,39,76.2
7.3,7.6,43,27,51,33,0.5,47,84.6
7.5,10,150,7.7,22,42,0.5,21,51
7.6,9.1,39.2,31.8,84.6,37.9,0.55,66.6,101.4
7.8,6.9,235.7,48.7,191,469,0.57,35.9,72.7
7.4,111,212,1,160,45,0.6,106,126.4
7.5,11,39,20,59,14,0.6,28,62.3
7.9,3.6,58,5.62,12.3,16.4,0.6,48.8,86.4
7.2,10,69,20,39,6,0.6,18,45.3
8.2,0.9,28,1.1,15,4.7,0.6,27,60.8
7.4,3.5,18,20,45,12,0.6,26,59.3
7.6,11,100,23,69,25,0.6,44,81.6
8.4,2.1,100,0.04,0.2,11,0.6,36,72.8
7.7,13,120,14,51,210,0.6,48,85.6
7.5,5.1,48,7.6,26,5.1,0.6,75,107.5
7.8,8,19,9.2,38,2.2,0.6,20,49.2
7.9,48,1000,2.1,82,1500,0.6,160,151.5
8.3,5.6,24,5.7,16,2,0.6,21,51
7.6,4.6,67,53,267,8.2,0.6,34,70.3
7.5,7.3,310,32,120,94,0.6,37,73.9
7.9,11.5,217,9.53,34.4,50.4,0.6,47.7,85.3
8.4,14,230,2.3,2.5,17,0.6,35,71.5
8.9,2.3,110,0.01,0.2,11,0.6,48,85.6
7.6,220,11000,800,160,13000,0.6,42,79.5
7.9,34,82,11,19,16,0.6,50,87.5
8,22,420,4.1,40,610,0.6,61,97
7.7,4.8,34,2.4,18,15,0.6,65,100.2
8,7.7,40,7.4,30,23,0.6,60,96.2
7.2,0.7,19,0.74,5.2,1,0.6,23,54.5
8.1,1.3,530,22,100,730,0.6,52,89.3
8.8,0.3,51,0.04,5.4,9.3,0.6,17,43.3
7.4,320,12000,860,130,15000,0.6,35,71.5
9.1,7.3,190,0.57,1.6,83,0.6,31,66.4
8.1,4.6,94,13,42,170,0.6,39,76.2
9.2,7.7,210,0.55,1.3,110,0.6,26,59.3
8.4,11,72,4.4,19,13,0.6,45,82.6
7.8,3.3,16,120,78,160,0.6,45,82.6
7.7,20,377,15.1,54.5,232,0.61,36.3,73.1
7.8,6.5,64.8,3.1,13.9,36,0.673,49.4,86.9
7.5,77.9,1170,113,306,625,0.7,42.6,80.1
7.6,3.1,39.4,4.58,19.8,9,0.7,26.4,59.9
8.1,3.1,29,0.84,10,4.8,0.7,60,96.2
8.6,9.4,220,2.5,4.1,11,0.7,20,49.2
7.2,10.8,35.3,20,59,12.8,0.7,25.4,58.4
7.8,10,110,5.9,67,19,0.7,42,79.5
7.9,8.4,17,8.6,37,1.8,0.7,20,49.2
7.8,45,3100,32,27,4700,0.7,63,98.6
7.9,1.3,26,5.2,18,5.4,0.7,42,79.5
7.2,7.6,46,3.4,28,10,0.7,56,92.9
7.2,250,12000,1700,340,19000,0.7,37,73.9
8.4,11.4,42.9,0.854,9.5,6.4,0.7,34.7,71.2
8.5,6.3,91,3.8,7.4,13,0.7,54,91.1
7.8,4.2,93,12,53,25,0.7,32,67.8
7.4,230,12000,1200,300,17000,0.7,38,75.1
8.2,9,320,19,80,160,0.7,34,70.3
9.1,7.4,194,0.537,1.7,87.8,0.7,30.2,65.4
7.8,0.9,100,38,59,98,0.7,38,75.1
7.2,84,9400,2200,1400,20000,0.7,48,85.6
7.3,630,26000,1300,460,32000,0.7,33,69.1
7.4,8.4,320,21,84,76,0.7,29,63.7
7.6,170,10000,800,250,11000,0.7,33,69.1
8.8,6.1,25,7.4,28,6.5,0.7,48,85.6
9,3.7,150,0.18,1.5,29,0.7,36,72.8
9.1,7.4,196,0.529,1.6,87.6,0.7,30,65.1
8.7,11,210,1.4,2.3,13,0.7,35,71.5
9.3,3.2,160,0.18,1,55,0.7,24,56.2
7.9,3.5,27.1,0.922,10.3,5.2,0.71,53,90.2
7.4,2.8,64,2.99,11.3,14.1,0.71,65.1,100.3
7.4,40,482,25,61,720,0.72,141,143.5
8.2,13,57,0.924,15,12,0.738,108,127.5
8,6,175,1.5,16,31,0.75,58,94.6
7.8,16.3,136,28.8,58.7,109,0.76,77,108.9
7.9,2.4,51,2.5,74,14,0.8,30,65.1
7.8,60,840,32,42,1300,0.8,36,72.8
7.3,3.7,49,58,160,110,0.8,26,59.3
8,2,45,9.6,27,7.7,0.8,35,71.5
7.6,7.6,15.1,17.6,34.6,7.2,0.8,25.8,59
8,9.3,120,9.5,43,31,0.8,42,79.5
6.3,9,251,2.15,8.5,265,0.8,19.7,48.6
7.7,19,260,18,110,140,0.8,27,60.8
8.6,5.2,93.9,0.133,1.6,8,0.8,50.8,88.2
9.2,7.8,219,0.518,1.3,109,0.8,25.9,59.2
9.2,8.4,222,0.525,1.3,109,0.8,25.5,58.5
8.1,4.7,139,0.3,5.2,20,0.81,85,114.1
8.5,18.7,882,23.4,9.7,765,0.879,82.8,112.7
7,33,406,1,32,450,0.89,109,128
7.8,4.2,95,4.5,17,12,0.9,32,67.8
7.5,8.1,39,28,54,31,0.9,25,57.8
7.4,11,120,52,120,240,0.9,23,54.5
7.6,1.7,27,11,41,15,0.9,52,89.3
8.2,120,1500,580,460,1500,0.9,15,38.8
7.4,32,300,240,510,280,0.9,62,97.8
8,11,416,5.2,32,59,0.9,39,76.2
7.4,12,130,43,99,270,0.9,29,63.7
7.8,16,157,14,85,20,0.9,67,101.7
7.6,7.9,120,12,51,54,0.9,36,72.8
7.8,10,130,32,66,200,0.9,29,63.7
7.8,17,440,18,53,170,0.9,56,92.9
8,1,40.6,1.19,34.8,11.5,0.9,37.6,74.6
7.9,5,79,4,51,14,0.9,21,51
9.3,6.7,195,0.363,1.6,90.8,0.9,27.6,61.7
9.2,7.9,232,0.796,1.7,130,0.9,24.7,57.3
9.2,7.6,209,0.61,1.5,101,0.9,26.5,60.1
9.2,7.9,240,0.531,1.2,123,0.9,24.2,56.5
9.3,6.9,200,0.379,1.1,94.9,0.9,26.5,60.1
7.7,0.7,16,0.21,5.3,1.2,0.9,19,47.3
7.4,18,186,8,28,195,0.96,96,120.8
7.7,7.8,68,19,36,20,0.98,18,45.3
7.1,245,2050,0.67,91,3500,0.98,290,194
7.7,5.3,46,0.47,7.7,6.5,1,51,88.4
7.5,9.6,39,13,54,35,1,57,93.7
7.6,10,200,11,41,33,1,42,79.5
8.5,6,181,2.06,4.6,94.9,1,57.3,94
8.1,8.3,39.7,1.16,22.6,7,1,76.5,108.5
7.8,14,400,28,100,170,1,56,92.9
7.9,8.8,75,6,25,16,1,82,112.2
5.7,232,2000,0.4,109,3400,1,284,192.3
7.7,12,110,19,74,92,1,58,94.6
7.5,5.8,190,14,47,110,1,33,69.1
9.1,2.4,130,0.02,0.3,6.8,1,33,69.1
8.1,11.3,72.2,35,55.5,39.2,1,41.1,78.5
9,2.5,120,0.01,0.2,6.5,1,34,70.3
8,9.5,150,9.2,45,97,1,49,86.5
9.3,6.4,197,0.313,0.9,77.8,1,25.4,58.4
7.4,10,153,2,6,80,1.07,94,119.6
7.5,11.9,187.5,9.7,82,85.6,1.09,58.4,94.9
7.5,12.4,104.7,19.541,84.4,251.3,1.092,44.7,82.3
7.8,1,44,2.2,16,10,1.1,19,47.3
7.3,8.3,69,30,81,15,1.1,27,60.8
7.9,4.4,35,6.5,25,9.1,1.1,60,96.2
7.8,8.3,90,10,56,30,1.1,41,78.4
8.5,10,200,5.6,19,28,1.1,43,80.6
7.6,5.9,36,22,44,13,1.1,20,49.2
8,7.2,61,22,34,21,1.1,18,45.3
8.2,3.6,38,0.73,7.6,5.7,1.1,63,98.6
8.6,8,160,0.76,4.3,110,1.1,48,85.6
8,10.3,398,4.73,3.4,237,1.12,24.9,57.6
7.2,19,2400,580,1400,6800,1.2,68,102.5
7.5,9.5,120,5,40,20,1.2,101,123.7
7.6,9.3,210,34,55,160,1.2,28,62.3
7.3,8.7,32,16,48,11,1.2,19,47.3
8.1,2.3,73,10,33,8.9,1.2,59,95.4
7.4,12,157,7.8,60,69,1.2,75,107.5
7.7,20.4,228,37.5,50.3,222,1.21,62.1,97.9
7.7,24.4,144,40.5,59.4,114,1.21,49.6,87.1
8,6.4,180,20,130,24,1.3,39,76.2
7.4,12.6,347,39.6,133,136,1.31,35.8,72.5
7.7,2.5,50.3,4.51,45.2,12.9,1.34,30.1,65.2
9.2,4.6,150,0.254,0.9,27.4,1.38,40.2,77.6
9,2.5,120,0.106,0.4,7.4,1.4,29,63.7
7.7,4,60.6,6.39,19.7,19.9,1.4,65,100.2
7.2,14,39,4.8,34,8,1.4,106,126.4
7.3,4.5,112,2.2,17,24,1.4,44,81.6
7.9,4.4,60.6,3.23,9.8,10,1.4,78,109.5
8.7,8.7,244,0.702,2.3,109,1.4,49.8,87.3
7.6,7.5,50,20,38,13,1.4,21,51
7.9,6,103,2.9,21,18,1.4,45,82.6
7.9,9,62,3.9,70,61,1.4,82,112.2
7.7,7.6,52,27,27,12,1.4,78,109.5
8.4,42,570,2.1,21,570,1.4,63,98.6
8,41.5,1350,3.1,70,2138,1.4,104,125.3
7.4,19,400,82,140,300,1.4,23,54.5
9.2,7.6,250,0.31,1.1,120,1.4,26,59.3
9,2.2,150,0.12,0.3,8.1,1.4,34,70.3
7,31,603,1,32,739,1.46,89,116.6
7.3,6.2,103.5,21.5,88.6,101,1.49,22.8,54.2
8.9,16.7,737,1.03,6.9,839,1.5,25.4,58.4
7.8,6.2,120,12,30,19,1.5,22,52.8
7.3,4,90,7.6,36,34,1.5,26,59.3
7.3,12.9,106,50.1,111,154,1.5,18.8,46.9
7.3,280,8900,870,380,9300,1.5,51,88.4
7.9,11,170,36,60,95,1.5,23,54.5
8,8.9,43,6.4,27,30,1.5,63,98.6
8,1.8,34,2,18,13,1.5,33,69.1
7.3,7.6,83,21,51,23,1.5,24,56.2
7.8,8.7,40,3.2,18,13,1.6,56,92.9
7.7,11,210,16,65,140,1.6,74,106.8
8.1,34,1500,5.7,22,2300,1.6,49,86.5
7.6,7.9,68,20,46,21,1.7,22,52.8
7.4,11,81,21,47,34,1.7,34,70.3
7.5,11,39,12,56,24,1.7,60,96.2
8.1,8.4,41,2.2,19,9.2,1.7,72,105.4
8.3,9.1,130,30,59,76,1.7,24,56.2
7.8,8.4,78,21,51,25,1.7,23,54.5
8,1.9,66,30,88,99,1.7,65,100.2
8.1,9.4,81,17,16,17,1.7,34,70.3
7.3,3.8,78.8,1.342,141.1,17.4,1.72,35.5,72.2
7.9,4.8,63,4.2,38,15,1.8,60,96.2
7.8,11,78,2.8,9.6,28,1.8,79,110.2
7.6,42.1,2720,139,178,1450,1.8,65,100.2
8.5,1.5,70,0.23,5.6,10,1.8,40,77.3
8,0.4,29,0.1,3.7,4.7,1.8,32,67.8
8.2,5.2,46,1.9,9.6,7,1.8,26,59.3
7.9,8.6,69,20,46,20,1.8,24,56.2
7.6,1.3,127,22.5,96.4,48,1.83,49.2,86.7
7.9,12.6,220.8,35.1,62.3,72.4,1.87,47.5,85.1
6.9,50,1650,0.8,170,2800,1.9,170,155.5
7.9,1.9,51,0.32,12,6.9,1.9,52,89.3
7.7,9.6,300,42,80,130,1.9,26,59.3
7.9,11,182,17,79,127,1.9,58,94.6
8.5,14,240,5.6,21,28,1.9,42,79.5
7.8,8.5,203.6,3.02,4.9,201,1.95,22.5,53.6
7.7,2.5,36.1,7.98,69,8.4,1.98,47.7,85.3
6.6,65,620,1.3,12,791,2,128,137.5
7.2,12.6,83.7,21,48.7,35.7,2,35.7,72.4
8.7,9.1,300,4.4,20,50,2,36,72.8
7.3,6.8,66,1,9.4,8.8,2,74,106.8
8,15,110,11,22,22,2,31,66.4
8.1,3.8,97,0.8,16,16,2,41,78.4
8.2,17,540,3.9,9.1,140,2,36,72.8
9.1,0.4,99,0.032,1.3,14.3,2,36.4,73.2
8.7,23.1,502,0.91,1.2,89.2,2.04,47,84.6
7.5,4.6,40.4,2.23,14.2,7,2.1,57.6,94.2
7.9,8.2,150,0.1,15,24,2.1,86,114.8
7.6,64,640,1,11,836,2.1,299,196.4
7.5,10.7,83,20,51,37.1,2.1,34,70.3
8.3,2.1,58,0.3,3.1,8.6,2.1,58,94.6
8,7.8,62,18,45,21,2.1,22,52.8
7.4,63,667,1,15,885,2.2,245,181.1
7.4,11.3,101,26.4,61.3,61.5,2.2,31.6,67.2
7.7,7.1,100,16,45.5,80.4,2.2,33,69.1
8.3,1.9,140,1.88,5.6,50.8,2.2,25.8,59
7.7,8.9,74.1,19.131,47.7,23.3,2.212,55.8,92.7
7.7,53,636,2,23,819,2.3,228,175.8
7.6,4.8,42,1.8,13,7.8,2.3,64,99.4
7.8,15,223,23.7,40.1,205,2.3,33.3,69.4
8.7,86,1300,0.1,4.4,1680,2.3,47,84.6
8.3,73,3000,3.1,17,4531,2.4,74,106.8
7.9,10,130,1.5,36,98,2.4,63,98.6
8.2,6.9,142,0.909,14.3,19.6,2.46,82.9,112.8
7.8,9.5,170,0.3,18,30,2.5,94,119.6
8,8.1,590,3.3,2.4,170,2.5,41,78.4
7.2,170,9300,1000,550,9400,2.5,54,91.1
7.1,60,647,44.5,217,142,2.5,38.7,75.9
8.2,5.1,110,1.3,17,45,2.5,50,87.5
8.7,170,2300,4.5,110,3800,2.5,131,138.9
8.1,62,639,0.01,2.8,833,2.6,321,202.1
9.3,6,240,0.2,0.7,12,2.6,41,78.4
7.9,2.7,63.9,2.73,15.8,20,2.61,65,100.2
7,86.6,935,0.41,41.2,1476,2.68,321,202.1
8.5,75,763,1.9,6.7,955,2.8,353,209.9
7.4,7.4,137.5,8.4,74,52.9,2.85,43.9,81.5
7.3,180,8500,1100,550,8700,2.9,42,79.5
7.1,180,6400,700,460,7500,2.9,52,89.3
8.1,5.5,127,1,12,17,2.9,50,87.5
7.9,5.5,240,2,2.6,51,2.9,34,70.3
7,24,159,7.8,47,27,2.9,40,77.3
8,3.3,140,0.16,79,21,2.9,52,89.3
8.1,140,2300,4.6,120,3890,2.9,138,142.1
7.9,2.9,729,2.23,5,83,2.97,20.4,49.9
7.9,3.1,73,0.34,11,14,3,48,85.6
8.1,31,1080,0.1,282,1841,3,95,120.2
8.1,110,2200,13,78,3460,3,104,125.3
8.5,130,2200,11,88,3800,3,103,124.8
6.5,86.9,876.5,0.35,40,1440,3.06,325.1,203.1
8.3,45,430,4,37,460,3.1,140,143
8.3,10,180,14,26,72,3.1,69,103.2
7.5,23,431,7.76,26,14,3.2,23.9,56
7.7,26,150,64,72,97,3.2,62,97.8
7.8,87,665,0.02,9.2,889,3.2,389,218.2
6.8,7.9,190,5.1,190,46,3.2,44,81.6
8.2,5.4,400,1.4,1.4,230,3.2,40,77.3
7.8,5.5,110,0.98,9.7,12,3.3,89,116.6
7.8,1.4,79,1.4,6.1,29,3.3,41,78.4
8.2,9.3,170,11,19,72,3.3,58,94.6
7.3,2.8,101,6.02,31.4,55.8,3.48,22,52.8
8.5,0.9,95,0.02,2.5,7.8,3.7,46,83.6
8,35.3,383.5,47.5,52.6,325,3.73,55.2,92.2
7.9,11,120,16,44,27,3.8,28,62.3
8.4,7.7,440,1.5,1.5,90,3.9,31,66.4
7.9,20,116,7.3,52,21,3.9,39,76.2
7.9,120,1700,19,115,2580,4.1,76,108.2
8.1,5.5,189,0.41,16,33,4.2,93,119
8,249,2230,0.2,87,3740,4.3,319,201.6
8.4,14,820,2.7,1.9,400,4.4,36,72.8
7.3,12,106,17,50,29,4.4,34,70.3
8,2.6,130,0.7,16,16,4.5,97,121.4
7,16,335.5,0.78,40,98.3,4.54,121.9,134.6
7.3,110,1350,7,100,2250,4.6,72,105.4
7.6,39,200,10,34,22,4.6,84,113.5
7.6,120,1450,6.5,110,2400,4.6,85,114.1
8.1,120,1600,3.2,97,2700,4.6,210,169.9
6.8,271,2730,0.11,142,4637,4.68,338,206.3
7,40,1000,0.42,52,1400,4.7,150,147.4
7.8,60,512,48,117,225,4.8,52,89.3
7.6,38,200,10.3,37,23,4.8,84,113.5
7.5,22.3,825,1.5,11.7,802,4.9,71.7,105.2
7.5,7.1,248,0.3,20,53,4.9,104,125.3
8.8,14,360,1.2,3.6,85,4.9,20,49.2
8.1,5.7,280,2.2,3.8,28,5,61,97
7.9,7.9,267,1,28,52,5,106,126.4
7.6,42,1480,1.7,108,2200,5,170,155.5
7.6,42,1500,1.7,110,2200,5,170,155.5
7.1,25.9,1006,4.469,60.5,1206,5.1,85.1,114.2
8,8,236,0.08,23,48,5.1,106,126.4
8.1,85,1050,1.3,14,1289,5.2,81,111.5
7.9,120,1400,0.17,148,2320,5.2,208,169.3
8.4,90,1150,28,260,1350,5.2,124,135.6
7.5,3.4,89,1.8,7.8,19,5.3,56,92.9
6.1,240,1400,7.2,120,2300,5.3,162,152.3
7.9,4.1,60.3,1.48,24.2,21.2,5.43,61.8,97.7
7.2,53,694,0.2,35,872,5.5,210,169.9
8.4,2.5,875,2,71,625,5.6,48,85.6
6.4,83.7,732.9,0.038,30.3,837,5.83,346.4,208.4
7.9,6,151,0.4,28,44,6,62,97.8
7.6,3,68,2.2,16,26,6,54,91.1
7.6,240,1350,3.6,43,2250,6.2,340,206.8
9,2.4,200,0.3,6.9,65,6.4,16,41.1
8.7,2.9,182,0.74,4,74.6,6.45,23.1,54.7
6.7,6.6,630,4.7,240,170,6.5,58,94.6
8.3,185,1560,3.46,25.3,2350,6.5,331.6,204.7
7.5,50,672,3,49,873,6.6,120,133.7
7.5,8.2,180,0.1,10,47,6.8,150,147.4
8,10,245,6.1,32,102,6.8,54,91.1
8.2,2,72,0.9,12,21,6.9,63,98.6
7.4,49.6,955,8.4,46.9,1320,7,103.3,124.9
7.9,17,340,4.2,31,240,7,82,112.2
7.9,3.2,68.3,0.74,14.8,19.7,7.21,65.3,100.4
7.4,11,260,0.08,40.4,85.2,7.28,76,108.2
7.4,10,276,0.41,42.9,89.2,7.48,50,87.5
7.6,93,990,7,32,1271,7.5,82,112.2
8.3,47.1,793,2.31,48.3,918,7.5,83.2,113
7.9,25.9,410,5.3,37.8,316,7.55,43.2,80.8
8,12,276,8.7,37,45,7.6,100,123.1
7.3,65,780,1.2,53,978,7.6,242,180.2
8.3,12,291,1,39,46,7.7,99,122.5
7.6,77,950,0.6,65,1187,7.8,330,204.3
7.2,41.4,431.6,0.04,23,481,7.92,284.5,192.5
7.8,4.8,200.9,12.721,27.7,37.5,8.051,24.6,57.1
7.6,19.2,214,1.9,22.6,57.3,8.3,200.2,166.6
7.9,33.3,439,0.38,39.9,352,8.3,178,158.6
8.1,67,1000,2.1,18,1300,8.5,260,185.5
7.2,37.2,499,0.45,44.8,430,9.5,191.7,163.6
8,5.3,206.9,0.611,29.1,32.8,9.518,68,102.5
8.1,48.7,1000,8.25,29.8,1180,9.9,65.7,100.7
7.3,3.5,123,0.5,6.4,27,10,65,100.2
7.6,17,220,1.4,16,49,11,125,136.1
8.7,2.7,160,0.25,7,33,11,63,98.6
8.3,6.2,210,1.5,3.2,54,14,125,136.1
8.7,2.4,104,0.1,1.2,12,15,105,125.9
8.4,5.7,325,1,4.2,67,17,54,91.1
8.8,61,2550,2.1,1.5,1500,19,19,47.3
7.7,340,3840,12.239,124,5970,49.6,81.3,111.7
7.7,334,3910,11.553,184,5870,55.3,84.1,113.5
